<code_scheme name="Default" version="173">
  <option name="ALIGN_MULTILINE_PARAMETERS_IN_CALLS" value="true" />
  <Python>
    <option name="OPTIMIZE_IMPORTS_SORT_NAMES_IN_FROM_IMPORTS" value="true" />
    <option name="OPTIMIZE_IMPORTS_SORT_BY_TYPE_FIRST" value="false" />
    <option name="OPTIMIZE_IMPORTS_ALWAYS_SPLIT_FROM_IMPORTS" value="true" />
  </Python>
  <codeStyleSettings language="Python">
    <indentOptions>
      <option name="CONTINUATION_INDENT_SIZE" value="4" />
      <option name="USE_TAB_CHARACTER" value="true" />
      <option name="SMART_TABS" value="true" />
      <option name="KEEP_INDENTS_ON_EMPTY_LINES" value="true" />
    </indentOptions>
  </codeStyleSettings>
</code_scheme>