<application>
  <component name="FileTypeManager" version="17">
    <ignoreFiles list="*$py.class;*.hprof;*.pyc;*.pyo;*.rbc;*.yarb;*~;.DS_Store;.git;.hg;.svn;CVS;__pycache__;_svn;vssver.scc;vssver2.scc;" />
    <extensionMap>
      <mapping pattern="test_zhong_data.txt" type="PLAIN_TEXT" />
      <mapping pattern="test_zhong_data,txt" type="PLAIN_TEXT" />
      <mapping pattern="_trial_marker" type="PLAIN_TEXT" />
      <mapping pattern="模块用处说明" type="PLAIN_TEXT" />
      <mapping pattern="temp_write.py" type="PLAIN_TEXT" />
      <mapping ext="conf" type="PLAIN_TEXT" />
      <mapping ext="jl" type="PLAIN_TEXT" />
      <mapping ext="csv" type="TSLint" />
    </extensionMap>
  </component>
</application>