<application>
  <component name="ProjectJdkTable">
    <jdk version="2">
      <name value="Python 3.7 (py3_ml)" />
      <type value="Python SDK" />
      <version value="Python 3.7.1" />
      <homePath value="D:\mysoftwares\28_python3\py3_ml\Scripts\python.exe" />
      <roots>
        <classPath>
          <root type="composite">
            <root url="file://$USER_HOME$/AppData/Local/Programs/Python/Python37/DLLs" type="simple" />
            <root url="file://$USER_HOME$/AppData/Local/Programs/Python/Python37/Lib" type="simple" />
            <root url="file://$USER_HOME$/AppData/Local/Programs/Python/Python37" type="simple" />
            <root url="file://D:/mysoftwares/28_python3/py3_ml" type="simple" />
            <root url="file://D:/mysoftwares/28_python3/py3_ml/Lib/site-packages" type="simple" />
            <root url="file://$USER_HOME$/AppData/Local/Programs/Python/Python37/Lib/site-packages" type="simple" />
            <root url="file://$USER_HOME$/AppData/Local/Programs/Python/Python37/Lib/site-packages/win32" type="simple" />
            <root url="file://$USER_HOME$/AppData/Local/Programs/Python/Python37/Lib/site-packages/win32/lib" type="simple" />
            <root url="file://$USER_HOME$/AppData/Local/Programs/Python/Python37/Lib/site-packages/pythonwin" type="simple" />
            <root url="file://$USER_HOME$/.PyCharm2018.3/system/python_stubs/-1359808135" type="simple" />
            <root url="file://$APPLICATION_HOME_DIR$/helpers/python-skeletons" type="simple" />
            <root url="file://$APPLICATION_HOME_DIR$/helpers/typeshed/stdlib/3" type="simple" />
            <root url="file://$APPLICATION_HOME_DIR$/helpers/typeshed/stdlib/2and3" type="simple" />
            <root url="file://$APPLICATION_HOME_DIR$/helpers/typeshed/third_party/3" type="simple" />
            <root url="file://$APPLICATION_HOME_DIR$/helpers/typeshed/third_party/2and3" type="simple" />
          </root>
        </classPath>
        <sourcePath>
          <root type="composite" />
        </sourcePath>
      </roots>
      <additional ASSOCIATED_PROJECT_PATH="E:/mydocuments01/工作目录/SLFSpiders" />
    </jdk>
    <jdk version="2">
      <name value="Python 3.7 (py3_web)" />
      <type value="Python SDK" />
      <version value="Python 3.7.1" />
      <homePath value="D:\mysoftwares\28_python3\py3_web\Scripts\python.exe" />
      <roots>
        <classPath>
          <root type="composite">
            <root url="file://$USER_HOME$/AppData/Local/Programs/Python/Python37/DLLs" type="simple" />
            <root url="file://$USER_HOME$/AppData/Local/Programs/Python/Python37/Lib" type="simple" />
            <root url="file://$USER_HOME$/AppData/Local/Programs/Python/Python37" type="simple" />
            <root url="file://D:/mysoftwares/28_python3/py3_web" type="simple" />
            <root url="file://D:/mysoftwares/28_python3/py3_web/Lib/site-packages" type="simple" />
            <root url="file://$USER_HOME$/AppData/Local/Programs/Python/Python37/Lib/site-packages" type="simple" />
            <root url="file://$USER_HOME$/AppData/Local/Programs/Python/Python37/Lib/site-packages/win32" type="simple" />
            <root url="file://$USER_HOME$/AppData/Local/Programs/Python/Python37/Lib/site-packages/win32/lib" type="simple" />
            <root url="file://$USER_HOME$/AppData/Local/Programs/Python/Python37/Lib/site-packages/pythonwin" type="simple" />
            <root url="file://$USER_HOME$/.PyCharm2018.3/system/python_stubs/740100832" type="simple" />
            <root url="file://$APPLICATION_HOME_DIR$/helpers/python-skeletons" type="simple" />
            <root url="file://$APPLICATION_HOME_DIR$/helpers/typeshed/stdlib/3" type="simple" />
            <root url="file://$APPLICATION_HOME_DIR$/helpers/typeshed/stdlib/2and3" type="simple" />
            <root url="file://$APPLICATION_HOME_DIR$/helpers/typeshed/third_party/3" type="simple" />
            <root url="file://$APPLICATION_HOME_DIR$/helpers/typeshed/third_party/2and3" type="simple" />
          </root>
        </classPath>
        <sourcePath>
          <root type="composite" />
        </sourcePath>
      </roots>
      <additional ASSOCIATED_PROJECT_PATH="E:/mydocuments01/工作目录/SLFSpiders" />
    </jdk>
    <jdk version="2">
      <name value="Python 3.7 (py3_spider)" />
      <type value="Python SDK" />
      <version value="Python 3.7.1" />
      <homePath value="D:\mysoftwares\28_python3\py3_spider\Scripts\python.exe" />
      <roots>
        <classPath>
          <root type="composite">
            <root url="file://$USER_HOME$/AppData/Local/Programs/Python/Python37/DLLs" type="simple" />
            <root url="file://$USER_HOME$/AppData/Local/Programs/Python/Python37/Lib" type="simple" />
            <root url="file://$USER_HOME$/AppData/Local/Programs/Python/Python37" type="simple" />
            <root url="file://D:/mysoftwares/28_python3/py3_spider" type="simple" />
            <root url="file://D:/mysoftwares/28_python3/py3_spider/Lib/site-packages" type="simple" />
            <root url="file://$USER_HOME$/AppData/Local/Programs/Python/Python37/Lib/site-packages" type="simple" />
            <root url="file://$USER_HOME$/AppData/Local/Programs/Python/Python37/Lib/site-packages/win32" type="simple" />
            <root url="file://$USER_HOME$/AppData/Local/Programs/Python/Python37/Lib/site-packages/win32/lib" type="simple" />
            <root url="file://$USER_HOME$/AppData/Local/Programs/Python/Python37/Lib/site-packages/pythonwin" type="simple" />
            <root url="file://$USER_HOME$/.PyCharm2018.3/system/python_stubs/926391667" type="simple" />
            <root url="file://$APPLICATION_HOME_DIR$/helpers/python-skeletons" type="simple" />
            <root url="file://$APPLICATION_HOME_DIR$/helpers/typeshed/stdlib/3" type="simple" />
            <root url="file://$APPLICATION_HOME_DIR$/helpers/typeshed/stdlib/2and3" type="simple" />
            <root url="file://$APPLICATION_HOME_DIR$/helpers/typeshed/third_party/3" type="simple" />
            <root url="file://$APPLICATION_HOME_DIR$/helpers/typeshed/third_party/2and3" type="simple" />
          </root>
        </classPath>
        <sourcePath>
          <root type="composite" />
        </sourcePath>
      </roots>
      <additional ASSOCIATED_PROJECT_PATH="E:/mydocuments01/工作目录/SLFSpiders" />
    </jdk>
    <jdk version="2">
      <name value="Python 3.7 (conda_python)" />
      <type value="Python SDK" />
      <version value="Python 3.7.1" />
      <homePath value="D:\mysoftwares\30_anaconda3\Anaconda3\python.exe" />
      <roots>
        <classPath>
          <root type="composite">
            <root url="file://D:/mysoftwares/30_anaconda3/Anaconda3/DLLs" type="simple" />
            <root url="file://D:/mysoftwares/30_anaconda3/Anaconda3/Lib" type="simple" />
            <root url="file://D:/mysoftwares/30_anaconda3/Anaconda3" type="simple" />
            <root url="file://D:/mysoftwares/30_anaconda3/Anaconda3/Lib/site-packages" type="simple" />
            <root url="file://D:/mysoftwares/30_anaconda3/Anaconda3/Lib/site-packages/win32" type="simple" />
            <root url="file://D:/mysoftwares/30_anaconda3/Anaconda3/Lib/site-packages/win32/lib" type="simple" />
            <root url="file://D:/mysoftwares/30_anaconda3/Anaconda3/Lib/site-packages/pythonwin" type="simple" />
            <root url="file://$USER_HOME$/.PyCharm2018.3/system/python_stubs/483284200" type="simple" />
            <root url="file://$APPLICATION_HOME_DIR$/helpers/python-skeletons" type="simple" />
            <root url="file://$APPLICATION_HOME_DIR$/helpers/typeshed/stdlib/3" type="simple" />
            <root url="file://$APPLICATION_HOME_DIR$/helpers/typeshed/stdlib/2and3" type="simple" />
            <root url="file://$APPLICATION_HOME_DIR$/helpers/typeshed/third_party/3" type="simple" />
            <root url="file://$APPLICATION_HOME_DIR$/helpers/typeshed/third_party/2and3" type="simple" />
          </root>
        </classPath>
        <sourcePath>
          <root type="composite" />
        </sourcePath>
      </roots>
      <additional ASSOCIATED_PROJECT_PATH="E:/mydocuments01/工作目录/SLFSpiders" />
    </jdk>
  </component>
</application>