<application>
  <component name="NodeJsLocalInterpreters">
    <local-interpreter path="D:/mysoftwares/31_vue开发/nodejs/node.exe">
      <version-cache version="4.4.3" last-modified="1460461532000" />
    </local-interpreter>
  </component>
  <component name="PyTestFrameworkService">
    <option name="SDK_TO_PYTEST">
      <map>
        <entry key="C:\Python27\Scripts\SLFSpiders\Scripts\python.exe" value="false" />
        <entry key="C:\Python27\Scripts\untitled\Scripts\python.exe" value="false" />
        <entry key="C:\Users\lenovo\Desktop\myproject\venv27\Scripts\python.exe" value="false" />
        <entry key="D:\Python27\python.exe" value="false" />
        <entry key="D:\mysoftwares\28_python3\env\Scripts\python.exe" value="false" />
        <entry key="D:\mysoftwares\28_python3\py3_ml\Scripts\python.exe" value="false" />
        <entry key="D:\mysoftwares\28_python3\py3_spider\Scripts\python.exe" value="false" />
        <entry key="D:\mysoftwares\28_python3\py3_web\Scripts\python.exe" value="false" />
        <entry key="D:\mysoftwares\30_anaconda3\Anaconda3\envs\conda_ml\python.exe" value="false" />
      </map>
    </option>
    <option name="SDK_TO_NOSETEST">
      <map>
        <entry key="C:\Python27\Scripts\SLFSpiders\Scripts\python.exe" value="false" />
        <entry key="C:\Python27\Scripts\untitled\Scripts\python.exe" value="false" />
        <entry key="C:\Users\lenovo\Desktop\myproject\venv27\Scripts\python.exe" value="false" />
        <entry key="D:\Python27\python.exe" value="false" />
        <entry key="D:\mysoftwares\28_python3\env\Scripts\python.exe" value="false" />
        <entry key="D:\mysoftwares\28_python3\py3_ml\Scripts\python.exe" value="false" />
        <entry key="D:\mysoftwares\28_python3\py3_spider\Scripts\python.exe" value="false" />
        <entry key="D:\mysoftwares\28_python3\py3_web\Scripts\python.exe" value="false" />
      </map>
    </option>
    <option name="SDK_TO_TRIALTEST">
      <map>
        <entry key="C:\Python27\Scripts\SLFSpiders\Scripts\python.exe" value="false" />
        <entry key="C:\Python27\Scripts\untitled\Scripts\python.exe" value="true" />
        <entry key="C:\Users\lenovo\Desktop\myproject\venv27\Scripts\python.exe" value="true" />
        <entry key="D:\Python27\python.exe" value="true" />
        <entry key="D:\mysoftwares\28_python3\env\Scripts\python.exe" value="true" />
        <entry key="D:\mysoftwares\28_python3\py3_ml\Scripts\python.exe" value="true" />
        <entry key="D:\mysoftwares\28_python3\py3_spider\Scripts\python.exe" value="true" />
        <entry key="D:\mysoftwares\28_python3\py3_web\Scripts\python.exe" value="true" />
      </map>
    </option>
  </component>
</application>